{
  "name": "angular-sanitize",
  "version": "1.3.20",
  "main": "./angular-sanitize.js",
  "ignore": [],
  "dependencies": {
    "angular": "1.3.20"
  },
  "homepage": "https://github.com/angular/bower-angular-sanitize",
  "_release": "1.3.20",
  "_resolution": {
    "type": "version",
    "tag": "v1.3.20",
    "commit": "1072923abc9a6bc076e0625ae115b7b8f3ed70d1"
  },
  "_source": "git://github.com/angular/bower-angular-sanitize.git",
  "_target": "~1.3.15",
  "_originalSource": "angular-sanitize"
}